{
  "properties": [
    {
      "description": "After Effect's Match Name. Used for expressions.",
      "extendedName": "Match Name",
      "name": "mn",
      "type": "string"
    },
    {
      "description": "After Effect's Name. Used for expressions.",
      "extendedName": "Name",
      "name": "nm",
      "type": "string"
    },
    {
      "description": "Shape content type. Value: gr",
      "extendedName": "Type",
      "name": "ty",
      "type": "string"
    },
    {
      "description": "Group number of properties. Used for expressions.",
      "extendedName": "Number of Properties",
      "name": "np",
      "type": "number"
    },
    {
      "description": "Group list of items",
      "extendedName": "Items",
      "items": {
        "oneOf": [
          {
            "$ref": "#/shapes/shape",
            "value": "sh"
          },
          {
            "$ref": "#/shapes/rect",
            "value": "rc"
          },
          {
            "$ref": "#/shapes/ellipse",
            "value": "el"
          },
          {
            "$ref": "#/shapes/star",
            "value": "sr"
          },
          {
            "$ref": "#/shapes/fill",
            "value": "fl"
          },
          {
            "$ref": "#/shapes/gFill",
            "value": "gf"
          },
          {
            "$ref": "#/shapes/gStroke",
            "value": "gs"
          },
          {
            "$ref": "#/shapes/stroke",
            "value": "st"
          },
          {
            "$ref": "#/shapes/merge",
            "value": "mm"
          },
          {
            "$ref": "#/shapes/trim",
            "value": "tm"
          },
          {
            "$ref": "#/shapes/group",
            "value": "gr"
          },
          {
            "$ref": "#/shapes/roundedCorners",
            "value": "rd"
          },
          {
            "$ref": "#/shapes/transform",
            "value": "tr"
          }
        ],
        "type": "object"
      },
      "name": "it",
      "type": "array"
    }
  ]
}