{
  "properties": [
    {
      "description": "After Effect's Match Name. Used for expressions.",
      "extendedName": "Match Name",
      "name": "mn",
      "type": "string"
    },
    {
      "description": "After Effect's Name. Used for expressions.",
      "extendedName": "Name",
      "name": "nm",
      "type": "string"
    },
    {
      "description": "After Effect's Direction. Direction how the shape is drawn. Used for trim path for example.",
      "extendedName": "Direction",
      "name": "d",
      "type": "number"
    },
    {
      "description": "Shape content type. Value: rc",
      "extendedName": "Type",
      "name": "ty",
      "type": "string"
    },
    {
      "description": "Rect's position",
      "extendedName": "Position",
      "name": "p",
      "oneOf": [
        {
          "$ref": "#/properties/multiDimensional"
        },
        {
          "$ref": "#/properties/multiDimensionalKeyframed"
        }
      ],
      "type": "object"
    },
    {
      "description": "Rect's size",
      "extendedName": "Size",
      "name": "s",
      "oneOf": [
        {
          "$ref": "#/properties/multiDimensional"
        },
        {
          "$ref": "#/properties/multiDimensionalKeyframed"
        }
      ],
      "type": "object"
    },
    {
      "description": "Rect's rounded corners",
      "extendedName": "Rounded corners",
      "name": "r",
      "oneOf": [
        {
          "$ref": "#/properties/Value"
        },
        {
          "$ref": "#/properties/valueKeyframed"
        }
      ],
      "type": "object"
    }
  ]
}