{
  "properties": [
    {
      "description": "After Effect's Match Name. Used for expressions.",
      "extendedName": "Match Name",
      "name": "mn",
      "type": "string"
    },
    {
      "description": "After Effect's Name. Used for expressions.",
      "extendedName": "Name",
      "name": "nm",
      "type": "string"
    },
    {
      "description": "Shape content type. Value: tm",
      "extendedName": "Type",
      "name": "ty",
      "type": "string"
    },
    {
      "description": "Trim Start.",
      "extendedName": "Start",
      "name": "s",
      "oneOf": [
        {
          "$ref": "#/properties/Value"
        },
        {
          "$ref": "#/properties/valueKeyframed"
        }
      ],
      "type": "object"
    },
    {
      "description": "Trim End.",
      "extendedName": "End",
      "name": "e",
      "oneOf": [
        {
          "$ref": "#/properties/Value"
        },
        {
          "$ref": "#/properties/valueKeyframed"
        }
      ],
      "type": "object"
    },
    {
      "description": "Trim Offset.",
      "extendedName": "Offset",
      "name": "o",
      "oneOf": [
        {
          "$ref": "#/properties/Value"
        },
        {
          "$ref": "#/properties/valueKeyframed"
        }
      ],
      "type": "object"
    }
  ]
}