{
  "properties": [
    {
      "description": "Effect Index. Used for expressions.",
      "extendedName": "Effect Index",
      "name": "ix",
      "type": "number"
    },
    {
      "description": "After Effect's Match Name. Used for expressions.",
      "extendedName": "Match Name",
      "name": "mn",
      "type": "string"
    },
    {
      "description": "After Effect's Name. Used for expressions.",
      "extendedName": "Name",
      "name": "nm",
      "type": "string"
    },
    {
      "description": "Effect type. Value:21.",
      "extendedName": "Type",
      "name": "ty",
      "type": "number"
    },
    {
      "description": "Effect List of properties.",
      "extendedName": "Effects",
      "items": [
        {
          "$ref": "#/effects/point"
        },
        {
          "$ref": "#/effects/dropDown"
        },
        {
          "$ref": "#/effects/color"
        },
        {
          "$ref": "#/effects/dropDown"
        },
        {
          "$ref": "#/effects/slider"
        },
        {
          "$ref": "#/effects/slider"
        },
        {
          "$ref": "#/effects/slider"
        }
      ],
      "name": "ef",
      "type": "array"
    }
  ]
}