{
  "properties": [
    {
      "description": "Effect Index. Used for expressions.",
      "extendedName": "Effect Index",
      "name": "ix",
      "type": "number"
    },
    {
      "description": "After Effect's Match Name. Used for expressions.",
      "extendedName": "Match Name",
      "name": "mn",
      "type": "string"
    },
    {
      "description": "After Effect's Name. Used for expressions.",
      "extendedName": "Name",
      "name": "nm",
      "type": "string"
    },
    {
      "description": "Effect type. Value:2.",
      "extendedName": "Type",
      "name": "ty",
      "type": "number"
    },
    {
      "description": "Effect value.",
      "extendedName": "Value",
      "name": "v",
      "type": "object",
      "items": {
        "oneOf": [
          {
            "$ref": "#/properties/multiDimensional"
          },
          {
            "$ref": "#/properties/multiDimensionalKeyframed"
          }
        ],
        "type": "object"
      }
    }
  ]
}