{
  "properties": [
    {
      "description": "Effect Index. Used for expressions.",
      "extendedName": "Effect Index",
      "name": "ix",
      "type": "number"
    },
    {
      "description": "After Effect's Match Name. Used for expressions.",
      "extendedName": "Match Name",
      "name": "mn",
      "type": "string"
    },
    {
      "description": "After Effect's Name. Used for expressions.",
      "extendedName": "Name",
      "name": "nm",
      "type": "string"
    },
    {
      "description": "Effect type. Value:23.",
      "extendedName": "Type",
      "name": "ty",
      "type": "number"
    },
    {
      "description": "ffect List of properties.",
      "extendedName": "Effects",
      "name": "ef",
      "type": "array",
      "items":[
      	{"$ref":"#/effects/dropDown"},
      	{"$ref":"#/effects/noValue"},
        {"$ref":"#/effects/noValue"},
        {"$ref":"#/effects/slider"},
        {"$ref":"#/effects/slider"},
        {"$ref":"#/effects/slider"},
        {"$ref":"#/effects/slider"},
        {"$ref":"#/effects/slider"},
        {"$ref":"#/effects/noValue"},
        {"$ref":"#/effects/slider"},
        {"$ref":"#/effects/slider"},
        {"$ref":"#/effects/slider"},
        {"$ref":"#/effects/slider"},
        {"$ref":"#/effects/slider"},
        {"$ref":"#/effects/noValue"},
        {"$ref":"#/effects/slider"},
        {"$ref":"#/effects/slider"},
        {"$ref":"#/effects/slider"},
        {"$ref":"#/effects/slider"},
        {"$ref":"#/effects/slider"},
        {"$ref":"#/effects/noValue"},
        {"$ref":"#/effects/slider"},
        {"$ref":"#/effects/slider"},
        {"$ref":"#/effects/slider"},
        {"$ref":"#/effects/slider"},
        {"$ref":"#/effects/slider"},
      	{"$ref":"#/effects/noValue"},
        {"$ref":"#/effects/slider"},
        {"$ref":"#/effects/slider"},
        {"$ref":"#/effects/slider"},
        {"$ref":"#/effects/slider"},
      	{"$ref":"#/effects/slider"}
      ]
    }
  ]
}