{
  "properties": [
    {
      "description": "Transform Anchor Point",
      "extendedName": "Anchor Point",
      "name": "a",
      "oneOf": [
        {
          "$ref": "#/properties/multiDimensional"
        },
        {
          "$ref": "#/properties/multiDimensionalKeyframed"
        }
      ],
      "type": "object"
    },
    {
      "description": "Transform Position",
      "extendedName": "Position",
      "name": "p",
      "oneOf": [
        {
          "$ref": "#/properties/multiDimensional"
        },
        {
          "$ref": "#/properties/multiDimensionalKeyframed"
        }
      ],
      "type": "object"
    },
    {
      "description": "Transform Scale",
      "extendedName": "Scale",
      "name": "s",
      "oneOf": [
        {
          "$ref": "#/properties/multiDimensional"
        },
        {
          "$ref": "#/properties/multiDimensionalKeyframed"
        }
      ],
      "type": "object"
    },
    {
      "description": "Transform Rotation",
      "extendedName": "Rotation",
      "name": "r",
      "oneOf": [
        {
          "$ref": "#/properties/value"
        },
        {
          "$ref": "#/properties/valueKeyframed"
        }
      ],
      "type": "object"
    },
    {
      "description": "Transform Opacity",
      "extendedName": "Opacity",
      "name": "o",
      "oneOf": [
        {
          "$ref": "#/properties/value"
        },
        {
          "$ref": "#/properties/valueKeyframed"
        }
      ],
      "type": "object"
    },
    {
      "description": "Transform Position X",
      "extendedName": "Position X",
      "name": "px",
      "oneOf": [
        {
          "$ref": "#/properties/value"
        },
        {
          "$ref": "#/properties/valueKeyframed"
        }
      ],
      "type": "object"
    },
    {
      "description": "Transform Position Y",
      "extendedName": "Position Y",
      "name": "py",
      "oneOf": [
        {
          "$ref": "#/properties/value"
        },
        {
          "$ref": "#/properties/valueKeyframed"
        }
      ],
      "type": "object"
    }
  ]
}